EDUCATION,SOUTH,SEX,EXPERIENCE,UNION,WAGE,AGE,RACE
8,0,1,21,0,0.707570,35,2
9,0,1,42,0,0.694605,57,3
12,0,0,1,0,0.824126,19,3
2,0,0,4,0,0.602060,22,3